ace,english
aces,english
ache,english
acid,english
act,english
acts,english
add,english
adds,english
ads,english
ago,english
aid,english
aide,english
aim,english
aims,english
air,english
airy,english
akin,english
alas,english
alba,english
alma,english
alps,english
and,english
anew,english
ant,english
ants,english
any,english
apt,english
arch,english
arcs,english
area,english
ares,english
arms,english
army,english
arts,english
arty,english
ash,english
asks,english
ate,english
atom,english
atop,english
aunt,english
auto,english
aux,english
ave,english
avid,english
awed,english
awry,english
axes,english
ayes,english
babe,english
baby,english
bags,english
bah,english
bail,english
bake,english
bald,english
ban,english
band,english
bang,english
bank,english
bark,english
barn,english
bars,english
bass,english
bast,english
bat,english
bath,english
bay,english
bays,english
beam,english
bean,english
bear,english
beck,english
beef,english
beer,english
beg,english
begs,english
bell,english
belt,english
bent,english
beta,english
beth,english
bets,english
bid,english
bide,english
big,english
bin,english
bird,english
bit,english
bite,english
bldg,english
blew,english
blob,english
bloc,english
blow,english
boar,english
bobs,english
bock,english
bona,english
bony,english
bop,english
bore,english
born,english
boss,english
bout,english
bow,english
box,english
boxy,english
boys,english
brae,english
brag,english
bran,english
bred,english
brig,english
brim,english
brow,english
bud,english
buds,english
buff,english
bug,english
bugs,english
bulb,english
bulk,english
bull,english
bums,english
bunt,english
burl,english
burn,english
bury,english
bus,english
bust,english
butt,english
buzz,english
bye,english
cab,english
calf,english
cam,english
camp,english
cams,english
cane,english
cant,english
cape,english
caps,english
car,english
card,english
care,english
cars,english
cart,english
case,english
cash,english
cask,english
cast,english
cat,english
cats,english
cave,english
char,english
chat,english
chaw,english
chew,english
chi,english
chip,english
chow,english
chum,english
ciao,english
city,english
clad,english
clam,english
clan,english
claw,english
clay,english
clip,english
clod,english
club,english
clue,english
coal,english
coax,english
cock,english
code,english
coed,english
coil,english
coin,english
colt,english
come,english
con,english
cone,english
conn,english
cons,english
cook,english
cool,english
coop,english
cope,english
cord,english
core,english
corn,english
cost,english
cot,english
cove,english
cow,english
cox,english
coy,english
cozy,english
cps,english
crib,english
crop,english
cube,english
cud,english
cuff,english
cup,english
cur,english
cure,english
curt,english
cusp,english
dais,english
dam,english
damp,english
dams,english
dang,english
dark,english
darn,english
date,english
dawn,english
days,english
dead,english
deal,english
deck,english
deem,english
deep,english
deer,english
deft,english
deja,english
den,english
dens,english
dent,english
dept,english
desk,english
deus,english
diam,english
did,english
die,english
died,english
diem,english
dies,english
diet,english
dig,english
dill,english
dim,english
din,english
dips,english
dire,english
dish,english
dist,english
diva,english
dock,english
dog,english
dogs,english
done,english
doom,english
door,english
dose,english
drag,english
draw,english
drew,english
drip,english
duck,english
due,english
duet,english
duke,english
dull,english
dumb,english
dump,english
dun,english
dune,english
dunk,english
dusk,english
dust,english
duty,english
ears,english
east,english
easy,english
eat,english
eats,english
ebb,english
echo,english
eddy,english
edge,english
edgy,english
edit,english
eel,english
egg,english
eggs,english
ego,english
egos,english
end,english
ends,english
envy,english
epic,english
eras,english
errs,english
eve,english
evil,english
ewe,english
exec,english
eyed,english
face,english
fact,english
fad,english
fade,english
fads,english
fair,english
fake,english
fall,english
fan,english
fans,english
fate,english
fats,english
fay,english
feat,english
fed,english
feds,english
fee,english
feed,english
fees,english
feet,english
fell,english
felt,english
fens,english
fern,english
fess,english
feud,english
fig,english
figs,english
file,english
fill,english
film,english
find,english
fine,english
fink,english
firm,english
fist,english
five,english
fix,english
flat,english
flax,english
flea,english
fled,english
flew,english
floe,english
flog,english
flu,english
foci,english
foes,english
fogy,english
folk,english
fond,english
food,english
fork,english
form,english
fort,english
foul,english
four,english
fowl,english
fox,english
fray,english
free,english
frog,english
fuel,english
full,english
fund,english
furs,english
fury,english
fuse,english
fuss,english
gage,english
gags,english
gain,english
gait,english
gal,english
gala,english
game,english
gang,english
garb,english
gas,english
gash,english
gate,english
gee,english
gees,english
gel,english
gen,english
gene,english
get,english
gibe,english
gift,english
gilt,english
gird,english
girl,english
give,english
glee,english
glen,english
glib,english
glum,english
goad,english
goal,english
god,english
gods,english
golf,english
good,english
gout,english
grab,english
grad,english
gram,english
grim,english
grip,english
grit,english
grok,english
grow,english
grub,english
gull,english
gulp,english
gums,english
guns,english
guy,english
guys,english
gym,english
gyp,english
gyro,english
hack,english
hail,english
hair,english
hale,english
half,english
halo,english
halt,english
ham,english
hand,english
hang,english
hap,english
hard,english
hare,english
harm,english
hart,english
has,english
hash,english
hast,english
hat,english
hath,english
hats,english
haul,english
haw,english
hays,english
haze,english
hazy,english
head,english
heal,english
heap,english
hear,english
heed,english
hell,english
hen,english
her,english
herb,english
herd,english
hero,english
hers,english
hes,english
hey,english
hick,english
hid,english
hide,english
high,english
hike,english
hill,english
hilt,english
hips,english
hire,english
hive,english
hob,english
hoc,english
hogs,english
hold,english
holy,english
homo,english
hong,english
hook,english
hors,english
host,english
hot,english
hour,english
hove,english
how,english
hows,english
hoy,english
huff,english
hug,english
huge,english
hulk,english
hull,english
hum,english
hump,english
hung,english
hunk,english
hunt,english
hurl,english
hurt,english
hut,english
huts,english
hymn,english
hypo,english
iced,english
idle,english
idly,english
idol,english
inch,english
ind,english
ink,english
inks,english
inns,english
ions,english
ipso,english
iron,english
isle,english
item,english
its,english
jab,english
jabs,english
jade,english
jag,english
jam,english
jams,english
jar,english
jars,english
jaws,english
jeep,english
jess,english
jest,english
jets,english
jig,english
jobs,english
join,english
joke,english
jolt,english
joss,english
jot,english
joys,english
juju,english
jump,english
junk,english
kale,english
keep,english
kegs,english
kelp,english
keno,english
key,english
keys,english
kick,english
kid,english
kill,english
kin,english
kind,english
king,english
kit,english
knew,english
knob,english
knot,english
know,english
kola,english
lab,english
lack,english
lacy,english
lads,english
lags,english
lain,english
lamb,english
lame,english
land,english
laps,english
lard,english
las,english
lass,english
lath,english
lats,english
law,english
lawn,english
laws,english
lays,english
laze,english
lean,english
lee,english
lees,english
left,english
leg,english
lend,english
lent,english
lest,english
lets,english
lewd,english
lex,english
liar,english
lice,english
lid,english
lids,english
lie,english
lied,english
lien,english
lieu,english
lift,english
lily,english
line,english
lint,english
lion,english
lips,english
list,english
load,english
lock,english
loft,english
log,english
logs,english
loin,english
lone,english
look,english
loom,english
loop,english
lope,english
lord,english
lose,english
lost,english
loud,english
low,english
ltd,english
luck,english
lug,english
lulu,english
lung,english
lure,english
lurk,english
lush,english
lust,english
lute,english
mac,english
made,english
maid,english
mail,english
main,english
make,english
malt,english
mama,english
man,english
mans,english
many,english
map,english
mar,english
mare,english
mark,english
mars,english
mart,english
mash,english
mast,english
maw,english
max,english
mayo,english
mays,english
meal,english
mean,english
meet,english
meld,english
melt,english
memo,english
men,english
mend,english
menu,english
met,english
mets,english
mfg,english
mica,english
mid,english
midi,english
mike,english
mile,english
mill,english
milt,english
min,english
mine,english
mink,english
mint,english
mist,english
mite,english
mob,english
mobs,english
mock,english
mode,english
mold,english
mom,english
mood,english
moon,english
moos,english
moot,english
mop,english
mops,english
more,english
moss,english
much,english
muck,english
mud,english
muff,english
mug,english
mule,english
mum,english
muse,english
mute,english
nail,english
name,english
nap,english
nary,english
navy,english
nay,english
neck,english
need,english
net,english
new,english
next,english
nibs,english
nice,english
nick,english
nigh,english
noel,english
noes,english
non,english
none,english
noon,english
nor,english
nos,english
note,english
nova,english
now,english
nth,english
nude,english
numb,english
nun,english
nuts,english
oak,english
obey,english
off,english
oft,english
oil,english
omen,english
omit,english
one,english
onus,english
oops,english
ooze,english
oral,english
ore,english
ores,english
orly,english
ours,english
oust,english
outs,english
ouzo,english
ova,english
oven,english
over,english
owe,english
owed,english
owes,english
owls,english
owns,english
oxen,english
pace,english
pact,english
pads,english
page,english
paid,english
pair,english
pal,english
pall,english
pals,english
pap,english
papa,english
par,english
park,english
part,english
pas,english
pass,english
pate,english
path,english
paw,english
pawn,english
pay,english
peal,english
pear,english
peas,english
pee,english
peed,english
peer,english
pens,english
per,english
perk,english
pest,english
pets,english
pews,english
pier,english
pies,english
pigs,english
pike,english
pile,english
pine,english
pink,english
pins,english
pip,english
pipe,english
pith,english
pits,english
plan,english
plod,english
plow,english
plug,english
plus,english
ply,english
pod,english
pods,english
poke,english
pole,english
pomp,english
pony,english
pope,english
port,english
pose,english
pot,english
prep,english
pro,english
prod,english
prof,english
prop,english
pros,english
pry,english
pubs,english
puff,english
pun,english
puny,english
pups,english
push,english
put,english
puts,english
putt,english
pvt,english
qua,english
quit,english
rage,english
rags,english
rain,english
rake,english
ram,english
ran,english
rand,english
rap,english
rape,english
rash,english
rasp,english
rats,english
raw,english
ray,english
read,english
redo,english
reed,english
reek,english
rely,english
reno,english
rest,english
rev,english
rib,english
ribs,english
rich,english
rid,english
ride,english
rift,english
rig,english
rim,english
rime,english
ring,english
rink,english
riot,english
ripe,english
risk,english
rite,english
roam,english
robe,english
rod,english
roe,english
roll,english
roof,english
rope,english
rose,english
rosy,english
rots,english
row,english
rpm,english
rte,english
rub,english
rue,english
rug,english
ruin,english
rule,english
rum,english
rump,english
rung,english
runs,english
runt,english
ruse,english
rush,english
rusk,english
rut,english
ruts,english
said,english
sail,english
sake,english
sale,english
salt,english
same,english
sand,english
sans,english
sap,english
sari,english
sat,english
save,english
saw,english
saws,english
say,english
says,english
seal,english
seam,english
seas,english
sec,english
sect,english
see,english
seed,english
seem,english
seen,english
sees,english
self,english
sen,english
send,english
sept,english
sets,english
sex,english
shag,english
shah,english
sham,english
shaw,english
shed,english
shes,english
shh,english
shim,english
shoe,english
shop,english
show,english
shy,english
side,english
sigh,english
sill,english
sine,english
sing,english
sir,english
sis,english
sit,english
site,english
situ,english
six,english
ski,english
skip,english
skis,english
skit,english
slim,english
slit,english
slob,english
sloe,english
slot,english
slum,english
sly,english
smog,english
smug,english
snag,english
snap,english
snow,english
snug,english
sobs,english
sock,english
sod,english
soda,english
sods,english
sofa,english
sole,english
solo,english
song,english
soot,english
sop,english
sort,english
sou,english
soul,english
soup,english
sour,english
sow,english
spa,english
sped,english
spic,english
spin,english
spit,english
spun,english
spur,english
spy,english
stab,english
star,english
step,english
stir,english
stop,english
stud,english
sub,english
subs,english
such,english
suck,english
sue,english
sued,english
suit,english
sun,english
suns,english
sup,english
supt,english
swam,english
swan,english
swap,english
sway,english
swum,english
tab,english
tack,english
tact,english
tag,english
tags,english
take,english
tale,english
talk,english
tan,english
tank,english
tape,english
tar,english
tat,english
taut,english
tax,english
team,english
teas,english
ten,english
tend,english
tens,english
tent,english
term,english
text,english
than,english
the,english
them,english
thin,english
tho,english
thou,english
thus,english
tied,english
tile,english
tilt,english
time,english
tin,english
tip,english
tips,english
tire,english
tits,english
toe,english
toes,english
toil,english
told,english
tole,english
toll,english
ton,english
tone,english
tons,english
tony,english
took,english
toot,english
tops,english
torn,english
toss,english
town,english
trap,english
trim,english
trio,english
troy,english
tub,english
tune,english
tung,english
turf,english
turk,english
twin,english
twos,english
ugh,english
undo,english
unit,english
unto,english
ups,english
urge,english
urn,english
urns,english
used,english
vain,english
vale,english
vary,english
vase,english
vast,english
verb,english
very,english
vet,english
vex,english
via,english
vied,english
vies,english
vile,english
vine,english
vita,english
vive,english
vivo,english
viz,english
void,english
vow,english
vows,english
wage,english
wail,english
wait,english
wake,english
walk,english
wall,english
want,english
war,english
ward,english
warm,english
warn,english
warp,english
wars,english
wart,english
wary,english
wash,english
wavy,english
waxy,english
week,english
weir,english
well,english
went,english
west,english
wet,english
whip,english
whit,english
whiz,english
whom,english
wife,english
wig,english
wild,english
will,english
wilt,english
wily,english
win,english
wind,english
wine,english
wing,english
wiry,english
wit,english
wits,english
woe,english
wold,english
wolf,english
womb,english
won,english
wood,english
wool,english
wop,english
wops,english
word,english
wore,english
work,english
worm,english
wow,english
wrap,english
writ,english
wry,english
yaks,english
yang,english
yank,english
yard,english
yarn,english
year,english
yelp,english
yes,english
yet,english
yin,english
yogi,english
yolk,english
your,english
zeal,english
zing,english
zip,english
