essay,english
slope,english
all,english
coach,english
chain,english
dance,english
roman,english
copy,english
lack,english
focus,english
month,english
four,english
rapid,english
mild,english
code,english
sleep,english
legal,english
skin,english
dish,english
golf,english
chair,english
disk,english
hate,english
milk,english
row,english
whose,english
voter,english
bind,english
zone,english
flash,english
young,english
send,english
horn,english
iraqi,english
tail,english
bike,english
buck,english
under,english
bomb,english
smile,english
sorry,english
pride,english
worth,english
norm,english
adapt,english
sound,english
woman,english
risk,english
song,english
very,english
ugly,english
rise,english
tent,english
fat,english
wave,english
toss,english
shoot,english
novel,english
every,english
fall,english
cook,english
word,english
outer,english
fifty,english
nor,english
wipe,english
vast,english
cool,english
motor,english
magic,english
salad,english
cable,english
level,english
tear,english
die,english
marry,english
shock,english
list,english
gun,english
fewer,english
proud,english
try,english
item,english
sand,english
race,english
joke,english
math,english
team,english
small,english
bench,english
guy,english
round,english
asian,english
enjoy,english
the,english
cap,english
force,english
ten,english
tired,english
trend,english
tea,english
crop,english
sign,english
past,english
fold,english
rate,english
cost,english
video,english
roof,english
pass,english
bake,english
odd,english
rough,english
folk,english
even,english
aim,english
what,english
hide,english
peel,english
pace,english
sun,english
sum,english
near,english
melt,english
cell,english
above,english
sixth,english
new,english
nurse,english
ever,english
bird,english
thin,english
body,english
echo,english
full,english
jury,english
gear,english
elect,english
leg,english
onion,english
clerk,english
never,english
here,english
water,english
fun,english
busy,english
let,english
sink,english
trunk,english
alone,english
sing,english
along,english
solid,english
wait,english
box,english
boy,english
great,english
bible,english
stair,english
ahead,english
shift,english
study,english
tube,english
host,english
adopt,english
trial,english
menu,english
smoke,english
pick,english
climb,english
gene,english
mix,english
honor,english
king,english
pause,english
via,english
love,english
apple,english
claim,english
win,english
layer,english
mess,english
put,english
moral,english
clock,english
duck,english
limb,english
apply,english
curve,english
total,english
armed,english
unit,english
plot,english
use,english
fee,english
eye,english
would,english
prove,english
sake,english
super,english
angry,english
visit,english
two,english
vote,english
next,english
few,english
live,english
doubt,english
call,english
asset,english
tape,english
hug,english
panel,english
type,english
tell,english
today,english
more,english
sort,english
flat,english
door,english
press,english
holy,english
relax,english
club,english
share,english
mad,english
stone,english
award,english
hurt,english
warn,english
phone,english
flag,english
warm,english
adult,english
loose,english
baby,english
hole,english
hold,english
glad,english
must,english
town,english
topic,english
none,english
join,english
room,english
hour,english
mayor,english
this,english
car,english
ride,english
work,english
net,english
soul,english
pour,english
cat,english
soup,english
mall,english
nine,english
can,english
learn,english
elbow,english
meet,english
male,english
root,english
route,english
proof,english
heart,english
crazy,english
tap,english
slip,english
grace,english
give,english
pie,english
lock,english
chip,english
arise,english
tax,english
agent,english
trap,english
high,english
chin,english
bend,english
want,english
sense,english
sharp,english
dress,english
occur,english
rape,english
pink,english
huge,english
court,english
goal,english
turn,english
skirt,english
six,english
pine,english
write,english
how,english
hot,english
vital,english
ceo,english
pure,english
gate,english
stir,english
heel,english
stock,english
map,english
plant,english
jazz,english
okay,english
sir,english
may,english
stop,english
after,english
spot,english
lab,english
lucky,english
wrong,english
plane,english
wrist,english
blood,english
prior,english
date,english
end,english
eager,english
law,english
data,english
grow,english
man,english
rumor,english
short,english
neck,english
third,english
beam,english
light,english
chef,english
sit,english
lost,english
greet,english
scare,english
tale,english
coal,english
chief,english
green,english
block,english
allow,english
enter,english
fan,english
belly,english
dream,english
order,english
talk,english
wine,english
blind,english
theme,english
help,english
burn,english
pant,english
wound,english
over,english
move,english
vary,english
soon,english
meter,english
trade,english
brain,english
paper,english
oven,english
shake,english
smart,english
hell,english
cold,english
still,english
its,english
bunch,english
delay,english
style,english
group,english
thank,english
fit,english
pray,english
exact,english
fix,english
sale,english
lamp,english
labor,english
late,english
grade,english
trick,english
fade,english
carve,english
mail,english
main,english
might,english
into,english
ally,english
ideal,english
dad,english
then,english
them,english
good,english
crash,english
gray,english
food,english
auto,english
safe,english
doll,english
bat,english
trail,english
break,english
band,english
rebel,english
snake,english
they,english
half,english
foot,english
now,english
flee,english
day,english
bank,english
bread,english
term,english
name,english
hook,english
opera,english
fully,english
drop,english
sin,english
slide,english
mode,english
truth,english
each,english
found,english
pizza,english
side,english
bone,english
mean,english
heavy,english
wheel,english
harm,english
dig,english
badly,english
buyer,english
house,english
fish,english
hard,english
yeah,english
used,english
aide,english
owner,english
ball,english
awful,english
fist,english
year,english
arab,english
our,english
girl,english
bay,english
array,english
event,english
await,english
out,english
album,english
leave,english
given,english
huh,english
space,english
miss,english
jump,english
since,english
chaos,english
mere,english
upset,english
farm,english
hill,english
print,english
newly,english
issue,english
alter,english
red,english
troop,english
shut,english
fiber,english
shit,english
dirt,english
hang,english
guess,english
free,english
quite,english
quick,english
base,english
evil,english
ask,english
teach,english
card,english
care,english
yard,english
spill,english
steal,english
could,english
kiss,english
owe,english
keep,english
thing,english
uncle,english
abuse,english
place,english
due,english
swing,english
hence,english
onto,english
think,english
south,english
first,english
feed,english
flood,english
major,english
hero,english
upper,english
feel,english
gang,english
scene,english
rank,english
one,english
wash,english
shout,english
fast,english
such,english
carry,english
ring,english
fight,english
open,english
suck,english
size,english
city,english
story,english
toy,english
sheet,english
guest,english
jet,english
paint,english
lap,english
top,english
burst,english
least,english
lobby,english
their,english
draft,english
too,english
storm,english
sigh,english
ankle,english
white,english
cycle,english
boot,english
final,english
store,english
inner,english
urban,english
shell,english
lot,english
that,english
shelf,english
tool,english
hotel,english
serve,english
donor,english
part,english
weigh,english
rifle,english
seat,english
elite,english
than,english
steel,english
wide,english
kind,english
tooth,english
coast,english
tree,english
imply,english
bed,english
cite,english
youth,english
flame,english
cabin,english
iron,english
maybe,english
bare,english
toe,english
bet,english
and,english
false,english
plead,english
mind,english
mine,english
glass,english
sad,english
juice,english
say,english
seed,english
rent,english
have,english
need,english
crew,english
seem,english
seek,english
any,english
alive,english
dozen,english
sell,english
lie,english
acid,english
angle,english
drunk,english
self,english
cope,english
able,english
snow,english
port,english
note,english
also,english
chest,english
lip,english
build,english
which,english
truck,english
rider,english
blue,english
play,english
sure,english
pain,english
shade,english
trace,english
shall,english
track,english
park,english
price,english
who,english
reach,english
chart,english
react,english
most,english
virus,english
eight,english
plan,english
tall,english
pair,english
knee,english
medal,english
class,english
grave,english
deny,english
cause,english
seize,english
egg,english
clear,english
later,english
cover,english
drive,english
face,english
pipe,english
odds,english
wind,english
clean,english
link,english
usual,english
salt,english
wow,english
fact,english
drain,english
shop,english
shot,english
gold,english
show,english
text,english
lay,english
cheap,english
jew,english
brief,english
bring,english
large,english
radio,english
shoe,english
earth,english
fear,english
label,english
fine,english
find,english
fifth,english
staff,english
giant,english
slow,english
ratio,english
tire,english
title,english
front,english
with,english
deck,english
myth,english
pump,english
fluid,english
crime,english
only,english
wood,english
black,english
rich,english
photo,english
fuel,english
piano,english
rice,english
local,english
hope,english
hip,english
plate,english
his,english
hit,english
get,english
beat,english
sue,english
rock,english
watch,english
rush,english
bear,english
truly,english
joint,english
bean,english
jail,english
reply,english
trust,english
wise,english
dose,english
him,english
sweat,english
prime,english
enemy,english
earn,english
amid,english
bar,english
organ,english
twice,english
nut,english
boost,english
cry,english
yield,english
patch,english
naked,english
bag,english
bad,english
stuff,english
she,english
ban,english
grab,english
river,english
where,english
nerve,english
view,english
fault,english
set,english
art,english
fair,english
habit,english
frame,english
pitch,english
blend,english
sex,english
tip,english
see,english
horse,english
sea,english
fail,english
close,english
sport,english
arm,english
best,english
wire,english
beg,english
lots,english
movie,english
away,english
arena,english
tend,english
favor,english
state,english
score,english
rail,english
herb,english
guilt,english
islam,english
dirty,english
blow,english
latin,english
terms,english
era,english
joy,english
lover,english
weak,english
flow,english
boss,english
blame,english
rope,english
job,english
death,english
wear,english
key,english
news,english
debt,english
come,english
thumb,english
both,english
grass,english
last,english
brown,english
crawl,english
many,english
ill,english
hint,english
quiet,english
drug,english
chop,english
etc,english
admit,english
grain,english
logic,english
argue,english
whole,english
ease,english
duty,english
among,english
skill,english
tough,english
pose,english
point,english
wall,english
sweet,english
loan,english
jeans,english
sweep,english
pop,english
walk,english
gap,english
hers,english
twin,english
laugh,english
path,english
table,english
poll,english
boat,english
speak,english
poem,english
raise,english
beef,english
basis,english
union,english
west,english
three,english
tiny,english
mark,english
shame,english
whom,english
beer,english
much,english
treat,english
basic,english
poet,english
brick,english
waste,english
empty,english
firm,english
dry,english
life,english
ghost,english
gay,english
cop,english
fire,english
crack,english
gas,english
else,english
fund,english
lift,english
wake,english
ice,english
child,english
catch,english
pig,english
spin,english
those,english
pilot,english
case,english
forty,english
save,english
tank,english
look,english
raw,english
these,english
sauce,english
mount,english
bill,english
cash,english
value,english
air,english
will,english
cast,english
while,english
slam,english
kick,english
error,english
wild,english
aid,english
voice,english
guide,english
pack,english
swim,english
seven,english
pound,english
soil,english
thus,english
site,english
rip,english
equal,english
anger,english
bias,english
ready,english
rid,english
mouse,english
pill,english
worry,english
chase,english
funny,english
fence,english
shirt,english
alarm,english
grant,english
gym,english
pay,english
make,english
nail,english
bowl,english
cross,english
same,english
trip,english
nod,english
unity,english
pad,english
split,english
grand,english
party,english
cream,english
flour,english
pan,english
week,english
oil,english
slave,english
clue,english
flesh,english
luck,english
drink,english
upon,english
rain,english
hand,english
fruit,english
user,english
dust,english
realm,english
yours,english
weird,english
tune,english
kid,english
dark,english
lower,english
task,english
off,english
lunch,english
cheek,english
well,english
ocean,english
shore,english
edge,english
solve,english
log,english
grip,english
entry,english
model,english
spend,english
left,english
load,english
stake,english
mom,english
just,english
less,english
being,english
money,english
rest,english
aside,english
not,english
shape,english
kill,english
human,english
touch,english
tone,english
yes,english
couch,english
speed,english
yet,english
begin,english
porch,english
cut,english
cup,english
rose,english
thick,english
extra,english
sky,english
lake,english
hall,english
color,english
add,english
other,english
pile,english
board,english
easy,english
wet,english
snap,english
hurry,english
east,english
hat,english
pot,english
ought,english
take,english
real,english
march,english
fate,english
knock,english
read,english
big,english
early,english
game,english
five,english
know,english
birth,english
desk,english
judge,english
world,english
bit,english
lady,english
dare,english
meat,english
loss,english
towel,english
like,english
gift,english
hunt,english
pole,english
glove,english
maker,english
index,english
nose,english
lose,english
tower,english
works,english
soft,english
page,english
coat,english
right,english
old,english
often,english
deal,english
urge,english
some,english
back,english
dead,english
hair,english
born,english
palm,english
candy,english
sight,english
dear,english
home,english
blade,english
pale,english
shrug,english
scale,english
leaf,english
mood,english
for,english
pet,english
broad,english
avoid,english
lean,english
per,english
moon,english
pen,english
honey,english
exit,english
cloud,english
quote,english
belt,english
knife,english
refer,english
core,english
noise,english
run,english
bold,english
power,english
quit,english
rub,english
tour,english
corn,english
night,english
stem,english
beach,english
step,english
peer,english
from,english
post,english
bury,english
throw,english
stage,english
shine,english
faith,english
about,english
rare,english
god,english
craft,english
army,english
meal,english
drama,english
range,english
swear,english
plus,english
stand,english
act,english
mouth,english
bond,english
road,english
match,english
bath,english
tribe,english
own,english
civil,english
tight,english
image,english
float,english
plain,english
son,english
down,english
phase,english
guard,english
lung,english
brush,english
strip,english
wrap,english
your,english
click,english
stare,english
leap,english
rely,english
forth,english
van,english
crowd,english
her,english
area,english
there,english
hey,english
long,english
why,english
start,english
gaze,english
low,english
way,english
suit,english
music,english
war,english
happy,english
fork,english
media,english
head,english
buy,english
north,english
form,english
offer,english
bus,english
brand,english
bite,english
lawn,english
but,english
idea,english
cloth,english
heat,english
hear,english
gain,english
solar,english
scope,english
wage,english
line,english
ear,english
true,english
eat,english
dump,english
count,english
pull,english
hire,english
fraud,english
dna,english
noon,english
pond,english
wish,english
flip,english
until,english
below,english
limit,english
minor,english
cake,english
piece,english
agree,english
bell,english
teen,english
irish,english
camp,english
stick,english
taste,english
metal,english
deer,english
sales,english
deep,english
dog,english
twist,english
fly,english
exist,english
daily,english
file,english
aids,english
ship,english
mrs,english
pit,english
check,english
film,english
fill,english
hay,english
again,english
lemon,english
loud,english
floor,english
sugar,english
peace,english
when,english
cave,english
actor,english
ski,english
field,english
book,english
role,english
boom,english
sick,english
trait,english
test,english
tie,english
you,english
wing,english
smell,english
roll,english
nice,english
poor,english
draw,english
laser,english
star,english
lend,english
rat,english
harsh,english
drift,english
diet,english
stay,english
lens,english
push,english
drag,english
slice,english
peak,english
rural,english
humor,english
aware,english
pool,english
prize,english
ago,english
land,english
lead,english
wife,english
mud,english
age,english
mask,english
rule,english
depth,english
train,english
mass,english
cow,english
apart,english
time,english
far,english
fresh,english
yell,english
oral,english
hello,english
once,english
